País,ano,peso_kg,valor_usd
Afeganistão,2009,0,0
Afeganistão,2010,0,0
Afeganistão,2011,0,0
Afeganistão,2012,0,0
Afeganistão,2013,0,0
Afeganistão,2014,0,0
Afeganistão,2015,0,0
Afeganistão,2016,0,0
Afeganistão,2017,0,0
Afeganistão,2018,0,0
Afeganistão,2019,0,0
Afeganistão,2020,0,0
Afeganistão,2021,11,46
Afeganistão,2022,0,0
Afeganistão,2023,0,0
"Alemanha, República Democrática",2009,225086,393482
"Alemanha, República Democrática",2010,27715,138666
"Alemanha, República Democrática",2011,36070,144150
"Alemanha, República Democrática",2012,8189,56342
"Alemanha, República Democrática",2013,61699,265978
"Alemanha, República Democrática",2014,213348,761653
"Alemanha, República Democrática",2015,10680,44780
"Alemanha, República Democrática",2016,14012,68109
"Alemanha, República Democrática",2017,15467,87702
"Alemanha, República Democrática",2018,10794,45382
"Alemanha, República Democrática",2019,3660,25467
"Alemanha, República Democrática",2020,6261,32605
"Alemanha, República Democrática",2021,2698,6741
"Alemanha, República Democrática",2022,7630,45367
"Alemanha, República Democrática",2023,4806,31853
Angola,2009,54786,84235
Angola,2010,33557,189891
Angola,2011,13889,69001
Angola,2012,2833,8861
Angola,2013,1573,9300
Angola,2014,12182,23124
Angola,2015,1908,17089
Angola,2016,7359,35390
Angola,2017,10170,61680
Angola,2018,477,709
Angola,2019,345,1065
Angola,2020,0,0
Angola,2021,0,0
Angola,2022,4068,4761
Angola,2023,0,0
Anguilla,2009,0,0
Anguilla,2010,0,0
Anguilla,2011,0,0
Anguilla,2012,0,0
Anguilla,2013,0,0
Anguilla,2014,0,0
Anguilla,2015,0,0
Anguilla,2016,0,0
Anguilla,2017,0,0
Anguilla,2018,0,0
Anguilla,2019,0,0
Anguilla,2020,0,0
Anguilla,2021,0,0
Anguilla,2022,0,0
Anguilla,2023,0,0
Antilhas Holandesas,2009,8235,10651
Antilhas Holandesas,2010,9810,12808
Antilhas Holandesas,2011,7335,10188
Antilhas Holandesas,2012,9247,14081
Antilhas Holandesas,2013,11281,19565
Antilhas Holandesas,2014,4455,7169
Antilhas Holandesas,2015,6660,10545
Antilhas Holandesas,2016,16641,26450
Antilhas Holandesas,2017,5400,8550
Antilhas Holandesas,2018,0,0
Antilhas Holandesas,2019,0,0
Antilhas Holandesas,2020,0,0
Antilhas Holandesas,2021,0,0
Antilhas Holandesas,2022,0,0
Antilhas Holandesas,2023,0,0
Antígua e Barbuda,2009,0,0
Antígua e Barbuda,2010,0,0
Antígua e Barbuda,2011,0,0
Antígua e Barbuda,2012,0,0
Antígua e Barbuda,2013,0,0
Antígua e Barbuda,2014,0,0
Antígua e Barbuda,2015,0,0
Antígua e Barbuda,2016,0,0
Antígua e Barbuda,2017,0,0
Antígua e Barbuda,2018,37,191
Antígua e Barbuda,2019,219,1549
Antígua e Barbuda,2020,624,1864
Antígua e Barbuda,2021,805,2268
Antígua e Barbuda,2022,419,1866
Antígua e Barbuda,2023,383,1848
Argentina,2009,162,4523
Argentina,2010,0,0
Argentina,2011,13253,55460
Argentina,2012,0,0
Argentina,2013,0,0
Argentina,2014,20385,95130
Argentina,2015,0,0
Argentina,2016,0,0
Argentina,2017,0,0
Argentina,2018,15711,59150
Argentina,2019,0,0
Argentina,2020,1015,4176
Argentina,2021,6,13
Argentina,2022,480,3232
Argentina,2023,4545,36133
Aruba,2009,0,0
Aruba,2010,0,0
Aruba,2011,900,1680
Aruba,2012,0,0
Aruba,2013,0,0
Aruba,2014,450,755
Aruba,2015,0,0
Aruba,2016,0,0
Aruba,2017,0,0
Aruba,2018,0,0
Aruba,2019,0,0
Aruba,2020,0,0
Aruba,2021,0,0
Aruba,2022,0,0
Aruba,2023,0,0
Arábia Saudita,2009,0,0
Arábia Saudita,2010,0,0
Arábia Saudita,2011,0,0
Arábia Saudita,2012,0,0
Arábia Saudita,2013,0,0
Arábia Saudita,2014,0,0
Arábia Saudita,2015,0,0
Arábia Saudita,2016,0,0
Arábia Saudita,2017,0,0
Arábia Saudita,2018,0,0
Arábia Saudita,2019,0,0
Arábia Saudita,2020,0,0
Arábia Saudita,2021,0,0
Arábia Saudita,2022,0,0
Arábia Saudita,2023,124,142
Austrália,2009,1014,9195
Austrália,2010,1823,17960
Austrália,2011,3632,40704
Austrália,2012,9345,56045
Austrália,2013,16707,101715
Austrália,2014,6308,43709
Austrália,2015,7437,48011
Austrália,2016,1954,13799
Austrália,2017,1350,7500
Austrália,2018,2055,6902
Austrália,2019,1161,4682
Austrália,2020,1013,3413
Austrália,2021,705,4034
Austrália,2022,1424,12299
Austrália,2023,2485,13565
Bahamas,2009,0,0
Bahamas,2010,3175,12759
Bahamas,2011,4529,28810
Bahamas,2012,1374,12087
Bahamas,2013,581,5145
Bahamas,2014,0,0
Bahamas,2015,0,0
Bahamas,2016,0,0
Bahamas,2017,0,0
Bahamas,2018,141,634
Bahamas,2019,791,3124
Bahamas,2020,1212,3703
Bahamas,2021,1083,4567
Bahamas,2022,1215,5799
Bahamas,2023,1348,7402
Bangladesh,2009,0,0
Bangladesh,2010,0,0
Bangladesh,2011,0,0
Bangladesh,2012,0,0
Bangladesh,2013,0,0
Bangladesh,2014,0,0
Bangladesh,2015,0,0
Bangladesh,2016,0,0
Bangladesh,2017,0,0
Bangladesh,2018,0,0
Bangladesh,2019,0,0
Bangladesh,2020,3,29
Bangladesh,2021,2,20
Bangladesh,2022,7,84
Bangladesh,2023,0,0
Barbados,2009,0,0
Barbados,2010,0,0
Barbados,2011,0,0
Barbados,2012,0,0
Barbados,2013,0,0
Barbados,2014,0,0
Barbados,2015,0,0
Barbados,2016,0,0
Barbados,2017,0,0
Barbados,2018,0,0
Barbados,2019,36,394
Barbados,2020,143,169
Barbados,2021,216,844
Barbados,2022,220,1145
Barbados,2023,58,303
Barein,2009,0,0
Barein,2010,0,0
Barein,2011,0,0
Barein,2012,0,0
Barein,2013,0,0
Barein,2014,0,0
Barein,2015,0,0
Barein,2016,0,0
Barein,2017,0,0
Barein,2018,0,0
Barein,2019,482,2144
Barein,2020,8,28
Barein,2021,302,894
Barein,2022,979,2789
Barein,2023,283,1684
Belice,2009,0,0
Belice,2010,0,0
Belice,2011,0,0
Belice,2012,0,0
Belice,2013,0,0
Belice,2014,0,0
Belice,2015,0,0
Belice,2016,0,0
Belice,2017,0,0
Belice,2018,0,0
Belice,2019,9,29
Belice,2020,0,0
Belice,2021,0,0
Belice,2022,0,0
Belice,2023,0,0
Benin,2009,0,0
Benin,2010,0,0
Benin,2011,0,0
Benin,2012,0,0
Benin,2013,0,0
Benin,2014,0,0
Benin,2015,0,0
Benin,2016,5040,20333
Benin,2017,0,0
Benin,2018,0,0
Benin,2019,9,9
Benin,2020,0,0
Benin,2021,0,0
Benin,2022,0,0
Benin,2023,0,0
Bermudas,2009,0,0
Bermudas,2010,0,0
Bermudas,2011,0,0
Bermudas,2012,0,0
Bermudas,2013,0,0
Bermudas,2014,0,0
Bermudas,2015,0,0
Bermudas,2016,0,0
Bermudas,2017,0,0
Bermudas,2018,0,0
Bermudas,2019,0,0
Bermudas,2020,0,0
Bermudas,2021,0,0
Bermudas,2022,0,0
Bermudas,2023,16,153
Bolívia,2009,40463,20729
Bolívia,2010,54,282
Bolívia,2011,12775,20215
Bolívia,2012,11868,16804
Bolívia,2013,19147,25998
Bolívia,2014,12534,18303
Bolívia,2015,10674,12990
Bolívia,2016,13586,16902
Bolívia,2017,9495,23085
Bolívia,2018,21566,57424
Bolívia,2019,0,0
Bolívia,2020,9900,16025
Bolívia,2021,5850,8360
Bolívia,2022,32530,49011
Bolívia,2023,21926,36950
Brasil,2009,0,0
Brasil,2010,0,0
Brasil,2011,0,0
Brasil,2012,0,0
Brasil,2013,0,0
Brasil,2014,0,0
Brasil,2015,0,0
Brasil,2016,0,0
Brasil,2017,0,0
Brasil,2018,0,0
Brasil,2019,0,0
Brasil,2020,0,0
Brasil,2021,31,46
Brasil,2022,2504,952
Brasil,2023,0,0
Bulgária,2009,0,0
Bulgária,2010,0,0
Bulgária,2011,0,0
Bulgária,2012,0,0
Bulgária,2013,0,0
Bulgária,2014,0,0
Bulgária,2015,0,0
Bulgária,2016,0,0
Bulgária,2017,117,1579
Bulgária,2018,0,0
Bulgária,2019,0,0
Bulgária,2020,0,0
Bulgária,2021,0,0
Bulgária,2022,5,31
Bulgária,2023,0,0
Bélgica,2009,125962,58764
Bélgica,2010,42532,185411
Bélgica,2011,11802,62339
Bélgica,2012,16132,90718
Bélgica,2013,22461,95893
Bélgica,2014,151320,704093
Bélgica,2015,4473,26399
Bélgica,2016,7200,46534
Bélgica,2017,2790,16405
Bélgica,2018,7497,52799
Bélgica,2019,2498,12548
Bélgica,2020,3166,20460
Bélgica,2021,483,3749
Bélgica,2022,828,6145
Bélgica,2023,95,683
Bósnia-Herzegovina,2009,0,0
Bósnia-Herzegovina,2010,0,0
Bósnia-Herzegovina,2011,0,0
Bósnia-Herzegovina,2012,0,0
Bósnia-Herzegovina,2013,0,0
Bósnia-Herzegovina,2014,0,0
Bósnia-Herzegovina,2015,0,0
Bósnia-Herzegovina,2016,0,0
Bósnia-Herzegovina,2017,0,0
Bósnia-Herzegovina,2018,0,0
Bósnia-Herzegovina,2019,0,0
Bósnia-Herzegovina,2020,45,52
Bósnia-Herzegovina,2021,0,0
Bósnia-Herzegovina,2022,0,0
Bósnia-Herzegovina,2023,0,0
Cabo Verde,2009,0,0
Cabo Verde,2010,11991,49366
Cabo Verde,2011,600,825
Cabo Verde,2012,0,0
Cabo Verde,2013,0,0
Cabo Verde,2014,0,0
Cabo Verde,2015,0,0
Cabo Verde,2016,0,0
Cabo Verde,2017,0,0
Cabo Verde,2018,18,48
Cabo Verde,2019,0,0
Cabo Verde,2020,0,0
Cabo Verde,2021,16,124
Cabo Verde,2022,0,0
Cabo Verde,2023,0,0
Camarões,2009,0,0
Camarões,2010,0,0
Camarões,2011,0,0
Camarões,2012,0,0
Camarões,2013,0,0
Camarões,2014,0,0
Camarões,2015,0,0
Camarões,2016,0,0
Camarões,2017,1749,7476
Camarões,2018,0,0
Camarões,2019,0,0
Camarões,2020,0,178
Camarões,2021,0,0
Camarões,2022,0,0
Camarões,2023,0,0
Canadá,2009,15664,73445
Canadá,2010,0,0
Canadá,2011,28906,128076
Canadá,2012,14304,146035
Canadá,2013,25329,174643
Canadá,2014,35082,226875
Canadá,2015,24547,118394
Canadá,2016,13711,71096
Canadá,2017,6075,30658
Canadá,2018,5308,20414
Canadá,2019,1589,6933
Canadá,2020,1672,8431
Canadá,2021,1172,6157
Canadá,2022,1183,5784
Canadá,2023,11539,42179
Catar,2009,0,0
Catar,2010,0,0
Catar,2011,0,0
Catar,2012,0,0
Catar,2013,0,0
Catar,2014,0,0
Catar,2015,0,0
Catar,2016,0,0
Catar,2017,13338,81606
Catar,2018,0,0
Catar,2019,0,0
Catar,2020,0,0
Catar,2021,1,2
Catar,2022,0,0
Catar,2023,5,18
"Cayman, Ilhas",2009,0,0
"Cayman, Ilhas",2010,0,0
"Cayman, Ilhas",2011,0,0
"Cayman, Ilhas",2012,0,0
"Cayman, Ilhas",2013,0,0
"Cayman, Ilhas",2014,0,0
"Cayman, Ilhas",2015,0,0
"Cayman, Ilhas",2016,0,0
"Cayman, Ilhas",2017,0,0
"Cayman, Ilhas",2018,19,203
"Cayman, Ilhas",2019,19,106
"Cayman, Ilhas",2020,123,339
"Cayman, Ilhas",2021,104,356
"Cayman, Ilhas",2022,160,958
"Cayman, Ilhas",2023,438,2632
Chile,2009,1475,4297
Chile,2010,0,0
Chile,2011,0,0
Chile,2012,8550,15438
Chile,2013,0,0
Chile,2014,0,0
Chile,2015,0,0
Chile,2016,0,0
Chile,2017,0,0
Chile,2018,11049,42832
Chile,2019,0,0
Chile,2020,11,13
Chile,2021,26,6
Chile,2022,2094,7986
Chile,2023,9,63
China,2009,1553416,482400
China,2010,795,2358
China,2011,54156,334867
China,2012,87905,642177
China,2013,40929,279956
China,2014,64040,455340
China,2015,47609,222866
China,2016,134106,499622
China,2017,67594,266086
China,2018,30835,126336
China,2019,129852,376828
China,2020,122253,363000
China,2021,61884,264116
China,2022,105395,404647
China,2023,73917,183096
Chipre,2009,0,0
Chipre,2010,0,0
Chipre,2011,0,0
Chipre,2012,0,0
Chipre,2013,0,0
Chipre,2014,0,0
Chipre,2015,0,0
Chipre,2016,0,0
Chipre,2017,0,0
Chipre,2018,279,480
Chipre,2019,672,1843
Chipre,2020,2478,6785
Chipre,2021,1855,4530
Chipre,2022,1521,4458
Chipre,2023,524,2995
Cingapura,2009,2419,6110
Cingapura,2010,1533,5504
Cingapura,2011,911,3317
Cingapura,2012,1212,5310
Cingapura,2013,766,5779
Cingapura,2014,541,3887
Cingapura,2015,1116,2774
Cingapura,2016,5445,13199
Cingapura,2017,0,0
Cingapura,2018,3298,11616
Cingapura,2019,5044,19099
Cingapura,2020,4049,9316
Cingapura,2021,0,0
Cingapura,2022,0,0
Cingapura,2023,0,0
"Cocos (Keeling), Ilhas",2009,0,0
"Cocos (Keeling), Ilhas",2010,0,0
"Cocos (Keeling), Ilhas",2011,0,0
"Cocos (Keeling), Ilhas",2012,0,0
"Cocos (Keeling), Ilhas",2013,0,0
"Cocos (Keeling), Ilhas",2014,0,0
"Cocos (Keeling), Ilhas",2015,0,0
"Cocos (Keeling), Ilhas",2016,0,0
"Cocos (Keeling), Ilhas",2017,0,0
"Cocos (Keeling), Ilhas",2018,0,0
"Cocos (Keeling), Ilhas",2019,0,0
"Cocos (Keeling), Ilhas",2020,0,0
"Cocos (Keeling), Ilhas",2021,0,0
"Cocos (Keeling), Ilhas",2022,26,60
"Cocos (Keeling), Ilhas",2023,0,0
Colômbia,2009,0,0
Colômbia,2010,0,0
Colômbia,2011,0,0
Colômbia,2012,0,0
Colômbia,2013,8,30
Colômbia,2014,0,0
Colômbia,2015,0,0
Colômbia,2016,0,0
Colômbia,2017,0,0
Colômbia,2018,6944,26273
Colômbia,2019,897,1999
Colômbia,2020,15660,23780
Colômbia,2021,12160,21867
Colômbia,2022,8217,14068
Colômbia,2023,450,1259
Comores,2009,0,0
Comores,2010,0,0
Comores,2011,0,0
Comores,2012,0,0
Comores,2013,0,0
Comores,2014,0,0
Comores,2015,0,0
Comores,2016,0,0
Comores,2017,0,0
Comores,2018,0,0
Comores,2019,0,0
Comores,2020,9,25
Comores,2021,0,0
Comores,2022,0,0
Comores,2023,0,0
Congo,2009,0,0
Congo,2010,0,0
Congo,2011,360,570
Congo,2012,0,0
Congo,2013,0,0
Congo,2014,0,0
Congo,2015,0,0
Congo,2016,0,0
Congo,2017,0,0
Congo,2018,0,0
Congo,2019,0,0
Congo,2020,0,0
Congo,2021,0,0
Congo,2022,0,0
Congo,2023,17100,26600
"Coreia, Republica Sul",2009,0,0
"Coreia, Republica Sul",2010,0,0
"Coreia, Republica Sul",2011,0,0
"Coreia, Republica Sul",2012,0,0
"Coreia, Republica Sul",2013,0,0
"Coreia, Republica Sul",2014,0,0
"Coreia, Republica Sul",2015,0,0
"Coreia, Republica Sul",2016,8,20
"Coreia, Republica Sul",2017,0,0
"Coreia, Republica Sul",2018,120,109
"Coreia, Republica Sul",2019,70,194
"Coreia, Republica Sul",2020,103,433
"Coreia, Republica Sul",2021,67,100
"Coreia, Republica Sul",2022,77,257
"Coreia, Republica Sul",2023,25,171
Costa Rica,2009,0,0
Costa Rica,2010,0,0
Costa Rica,2011,0,0
Costa Rica,2012,0,0
Costa Rica,2013,0,0
Costa Rica,2014,0,0
Costa Rica,2015,0,0
Costa Rica,2016,0,0
Costa Rica,2017,0,0
Costa Rica,2018,0,0
Costa Rica,2019,0,0
Costa Rica,2020,0,0
Costa Rica,2021,0,0
Costa Rica,2022,0,0
Costa Rica,2023,0,0
Costa do Marfim,2009,0,0
Costa do Marfim,2010,0,0
Costa do Marfim,2011,0,0
Costa do Marfim,2012,0,0
Costa do Marfim,2013,0,0
Costa do Marfim,2014,0,0
Costa do Marfim,2015,0,0
Costa do Marfim,2016,0,0
Costa do Marfim,2017,0,0
Costa do Marfim,2018,0,0
Costa do Marfim,2019,0,0
Costa do Marfim,2020,0,0
Costa do Marfim,2021,0,0
Costa do Marfim,2022,0,0
Costa do Marfim,2023,0,0
Croácia,2009,0,0
Croácia,2010,0,0
Croácia,2011,0,0
Croácia,2012,0,0
Croácia,2013,0,0
Croácia,2014,0,0
Croácia,2015,0,0
Croácia,2016,0,0
Croácia,2017,0,0
Croácia,2018,0,0
Croácia,2019,0,0
Croácia,2020,21,123
Croácia,2021,0,0
Croácia,2022,34,484
Croácia,2023,0,0
Cuba,2009,0,0
Cuba,2010,0,0
Cuba,2011,2880,4899
Cuba,2012,0,0
Cuba,2013,0,0
Cuba,2014,38875,43200
Cuba,2015,97965,108864
Cuba,2016,63741,69830
Cuba,2017,62791,72229
Cuba,2018,4776,5584
Cuba,2019,0,0
Cuba,2020,0,0
Cuba,2021,0,0
Cuba,2022,16,6
Cuba,2023,0,0
Curaçao,2009,0,0
Curaçao,2010,0,0
Curaçao,2011,0,0
Curaçao,2012,0,0
Curaçao,2013,0,0
Curaçao,2014,0,0
Curaçao,2015,0,0
Curaçao,2016,0,0
Curaçao,2017,12340,23011
Curaçao,2018,23930,43676
Curaçao,2019,33951,62067
Curaçao,2020,47962,65986
Curaçao,2021,32263,58993
Curaçao,2022,40673,66950
Curaçao,2023,25135,40807
Dinamarca,2009,1980,21780
Dinamarca,2010,7034,69161
Dinamarca,2011,32797,83057
Dinamarca,2012,4716,23802
Dinamarca,2013,17892,101915
Dinamarca,2014,3240,16871
Dinamarca,2015,7080,29306
Dinamarca,2016,1278,8171
Dinamarca,2017,581,2829
Dinamarca,2018,0,0
Dinamarca,2019,240,306
Dinamarca,2020,659,1962
Dinamarca,2021,87,504
Dinamarca,2022,2,6
Dinamarca,2023,1734,15261
Dominica,2009,0,0
Dominica,2010,0,0
Dominica,2011,0,0
Dominica,2012,0,0
Dominica,2013,0,0
Dominica,2014,0,0
Dominica,2015,0,0
Dominica,2016,0,0
Dominica,2017,0,0
Dominica,2018,0,0
Dominica,2019,0,0
Dominica,2020,0,0
Dominica,2021,460,634
Dominica,2022,1485,2223
Dominica,2023,0,0
El Salvador,2009,55,100
El Salvador,2010,0,0
El Salvador,2011,0,0
El Salvador,2012,0,0
El Salvador,2013,0,0
El Salvador,2014,0,0
El Salvador,2015,0,0
El Salvador,2016,0,0
El Salvador,2017,0,0
El Salvador,2018,0,0
El Salvador,2019,0,0
El Salvador,2020,0,0
El Salvador,2021,0,0
El Salvador,2022,0,0
El Salvador,2023,0,0
Emirados Arabes Unidos,2009,1398,4032
Emirados Arabes Unidos,2010,1035,3206
Emirados Arabes Unidos,2011,2120,6594
Emirados Arabes Unidos,2012,675,3300
Emirados Arabes Unidos,2013,0,0
Emirados Arabes Unidos,2014,640,3381
Emirados Arabes Unidos,2015,765,3740
Emirados Arabes Unidos,2016,585,2760
Emirados Arabes Unidos,2017,675,3302
Emirados Arabes Unidos,2018,360,1762
Emirados Arabes Unidos,2019,450,2202
Emirados Arabes Unidos,2020,581,2279
Emirados Arabes Unidos,2021,810,10522
Emirados Arabes Unidos,2022,4781,85465
Emirados Arabes Unidos,2023,1417,6762
Equador,2009,0,0
Equador,2010,0,0
Equador,2011,0,0
Equador,2012,0,0
Equador,2013,0,0
Equador,2014,0,0
Equador,2015,0,0
Equador,2016,0,0
Equador,2017,0,0
Equador,2018,0,0
Equador,2019,2,3
Equador,2020,3780,3824
Equador,2021,0,0
Equador,2022,135,210
Equador,2023,2790,4392
"Eslovaca, Republica",2009,0,0
"Eslovaca, Republica",2010,0,0
"Eslovaca, Republica",2011,0,0
"Eslovaca, Republica",2012,0,0
"Eslovaca, Republica",2013,0,0
"Eslovaca, Republica",2014,0,0
"Eslovaca, Republica",2015,0,0
"Eslovaca, Republica",2016,0,0
"Eslovaca, Republica",2017,0,0
"Eslovaca, Republica",2018,0,0
"Eslovaca, Republica",2019,0,0
"Eslovaca, Republica",2020,0,0
"Eslovaca, Republica",2021,0,0
"Eslovaca, Republica",2022,0,0
"Eslovaca, Republica",2023,0,0
Espanha,2009,2181,4050
Espanha,2010,0,0
Espanha,2011,5206,24618
Espanha,2012,0,0
Espanha,2013,1972980,3748940
Espanha,2014,0,0
Espanha,2015,0,0
Espanha,2016,0,0
Espanha,2017,0,0
Espanha,2018,6123,22631
Espanha,2019,3540,1353
Espanha,2020,28,126
Espanha,2021,0,0
Espanha,2022,0,0
Espanha,2023,180,4171
Estados Unidos,2009,372319,660066
Estados Unidos,2010,228968,478630
Estados Unidos,2011,306787,1030254
Estados Unidos,2012,146585,303986
Estados Unidos,2013,245368,786556
Estados Unidos,2014,222267,494216
Estados Unidos,2015,195896,524109
Estados Unidos,2016,258072,687411
Estados Unidos,2017,132688,1523699
Estados Unidos,2018,169109,512519
Estados Unidos,2019,209765,616274
Estados Unidos,2020,300178,610793
Estados Unidos,2021,111085,203554
Estados Unidos,2022,220373,447893
Estados Unidos,2023,229839,429091
Estônia,2009,5438,10802
Estônia,2010,15848,40778
Estônia,2011,450,5336
Estônia,2012,3321,19384
Estônia,2013,0,0
Estônia,2014,0,0
Estônia,2015,0,0
Estônia,2016,900,4800
Estônia,2017,0,0
Estônia,2018,0,0
Estônia,2019,0,0
Estônia,2020,0,0
Estônia,2021,0,0
Estônia,2022,0,0
Estônia,2023,0,0
Filipinas,2009,0,0
Filipinas,2010,0,0
Filipinas,2011,0,0
Filipinas,2012,0,0
Filipinas,2013,0,0
Filipinas,2014,0,0
Filipinas,2015,0,0
Filipinas,2016,0,0
Filipinas,2017,0,0
Filipinas,2018,9608,16205
Filipinas,2019,736,2486
Filipinas,2020,719,1548
Filipinas,2021,2784,10368
Filipinas,2022,375,790
Filipinas,2023,94,334
Finlândia,2009,0,0
Finlândia,2010,0,0
Finlândia,2011,12404,50394
Finlândia,2012,17100,67959
Finlândia,2013,36682,283114
Finlândia,2014,12960,94962
Finlândia,2015,0,0
Finlândia,2016,7617,41003
Finlândia,2017,0,0
Finlândia,2018,0,0
Finlândia,2019,0,0
Finlândia,2020,0,0
Finlândia,2021,0,0
Finlândia,2022,0,0
Finlândia,2023,5,11
França,2009,0,0
França,2010,3614,18904
França,2011,0,0
França,2012,195604,185791
França,2013,6885,42256
França,2014,33755,167807
França,2015,1596,4749
França,2016,6037,30055
França,2017,4253,21654
França,2018,11077,48677
França,2019,18286,67072
França,2020,12622,57144
França,2021,7052,23742
França,2022,5694,25008
França,2023,2265,14722
Gana,2009,0,0
Gana,2010,0,0
Gana,2011,0,0
Gana,2012,0,0
Gana,2013,0,0
Gana,2014,0,0
Gana,2015,0,0
Gana,2016,0,0
Gana,2017,0,0
Gana,2018,9000,13502
Gana,2019,7673,10010
Gana,2020,18810,22027
Gana,2021,12578,19196
Gana,2022,35949,49304
Gana,2023,7237,29473
Gibraltar,2009,0,0
Gibraltar,2010,0,0
Gibraltar,2011,0,0
Gibraltar,2012,0,0
Gibraltar,2013,0,0
Gibraltar,2014,0,0
Gibraltar,2015,0,0
Gibraltar,2016,0,0
Gibraltar,2017,0,0
Gibraltar,2018,0,0
Gibraltar,2019,23,93
Gibraltar,2020,769,2860
Gibraltar,2021,0,0
Gibraltar,2022,0,0
Gibraltar,2023,0,0
Granada,2009,0,0
Granada,2010,0,0
Granada,2011,0,0
Granada,2012,0,0
Granada,2013,0,0
Granada,2014,0,0
Granada,2015,0,0
Granada,2016,0,0
Granada,2017,0,0
Granada,2018,0,0
Granada,2019,0,0
Granada,2020,0,0
Granada,2021,0,0
Granada,2022,5610,7914
Granada,2023,0,0
Grécia,2009,0,0
Grécia,2010,0,0
Grécia,2011,0,0
Grécia,2012,0,0
Grécia,2013,0,0
Grécia,2014,0,0
Grécia,2015,0,0
Grécia,2016,0,0
Grécia,2017,0,0
Grécia,2018,232,730
Grécia,2019,561,1994
Grécia,2020,6859,18092
Grécia,2021,908,3014
Grécia,2022,920,2426
Grécia,2023,1294,3214
Guatemala,2009,20,20
Guatemala,2010,0,0
Guatemala,2011,0,0
Guatemala,2012,0,0
Guatemala,2013,0,0
Guatemala,2014,0,0
Guatemala,2015,0,0
Guatemala,2016,0,0
Guatemala,2017,0,0
Guatemala,2018,0,0
Guatemala,2019,1597,8719
Guatemala,2020,0,0
Guatemala,2021,17347,29100
Guatemala,2022,1283,5350
Guatemala,2023,2053,3758
Guiana,2009,0,0
Guiana,2010,783,3654
Guiana,2011,0,0
Guiana,2012,0,0
Guiana,2013,0,0
Guiana,2014,0,0
Guiana,2015,0,0
Guiana,2016,0,0
Guiana,2017,0,0
Guiana,2018,0,0
Guiana,2019,424,1311
Guiana,2020,990,2577
Guiana,2021,2372,6525
Guiana,2022,2064,5823
Guiana,2023,33651,88715
Guiana Francesa,2009,0,0
Guiana Francesa,2010,0,0
Guiana Francesa,2011,0,0
Guiana Francesa,2012,0,0
Guiana Francesa,2013,0,0
Guiana Francesa,2014,0,0
Guiana Francesa,2015,0,0
Guiana Francesa,2016,0,0
Guiana Francesa,2017,0,0
Guiana Francesa,2018,0,0
Guiana Francesa,2019,0,0
Guiana Francesa,2020,0,0
Guiana Francesa,2021,90,32
Guiana Francesa,2022,22,18
Guiana Francesa,2023,0,0
Guine Bissau,2009,0,0
Guine Bissau,2010,0,0
Guine Bissau,2011,0,0
Guine Bissau,2012,0,0
Guine Bissau,2013,0,0
Guine Bissau,2014,0,0
Guine Bissau,2015,0,0
Guine Bissau,2016,0,0
Guine Bissau,2017,48,90
Guine Bissau,2018,0,0
Guine Bissau,2019,0,0
Guine Bissau,2020,0,0
Guine Bissau,2021,0,0
Guine Bissau,2022,0,0
Guine Bissau,2023,0,0
Guine Equatorial,2009,169,272
Guine Equatorial,2010,410,1015
Guine Equatorial,2011,956,1979
Guine Equatorial,2012,819,2530
Guine Equatorial,2013,1108,5336
Guine Equatorial,2014,5646,11983
Guine Equatorial,2015,0,0
Guine Equatorial,2016,0,0
Guine Equatorial,2017,2639,30563
Guine Equatorial,2018,8389,26808
Guine Equatorial,2019,0,0
Guine Equatorial,2020,0,0
Guine Equatorial,2021,0,0
Guine Equatorial,2022,0,0
Guine Equatorial,2023,0,0
Haiti,2009,4500,5863
Haiti,2010,2700,3750
Haiti,2011,0,0
Haiti,2012,0,0
Haiti,2013,0,0
Haiti,2014,0,0
Haiti,2015,0,0
Haiti,2016,0,0
Haiti,2017,0,0
Haiti,2018,79500,144425
Haiti,2019,81873,129803
Haiti,2020,399128,471152
Haiti,2021,670379,831181
Haiti,2022,553503,741014
Haiti,2023,559645,871661
Honduras,2009,14,30
Honduras,2010,0,0
Honduras,2011,0,0
Honduras,2012,0,0
Honduras,2013,0,0
Honduras,2014,0,0
Honduras,2015,0,0
Honduras,2016,0,0
Honduras,2017,0,0
Honduras,2018,0,0
Honduras,2019,0,0
Honduras,2020,0,0
Honduras,2021,0,0
Honduras,2022,0,0
Honduras,2023,0,0
Hong Kong,2009,50319,27188
Hong Kong,2010,0,0
Hong Kong,2011,2063,7975
Hong Kong,2012,1609,7653
Hong Kong,2013,16013,61224
Hong Kong,2014,18130,63534
Hong Kong,2015,1229,7837
Hong Kong,2016,6975,86199
Hong Kong,2017,1934,8180
Hong Kong,2018,1742,9029
Hong Kong,2019,9651,42020
Hong Kong,2020,15159,41987
Hong Kong,2021,12507,39390
Hong Kong,2022,9371,38218
Hong Kong,2023,16255,71025
Hungria,2009,0,0
Hungria,2010,540,4103
Hungria,2011,0,0
Hungria,2012,0,0
Hungria,2013,0,0
Hungria,2014,0,0
Hungria,2015,0,0
Hungria,2016,0,0
Hungria,2017,0,0
Hungria,2018,0,0
Hungria,2019,0,0
Hungria,2020,0,0
Hungria,2021,87,583
Hungria,2022,0,0
Hungria,2023,0,0
Ilha de Man,2009,0,0
Ilha de Man,2010,0,0
Ilha de Man,2011,0,0
Ilha de Man,2012,0,0
Ilha de Man,2013,0,0
Ilha de Man,2014,0,0
Ilha de Man,2015,0,0
Ilha de Man,2016,0,0
Ilha de Man,2017,0,0
Ilha de Man,2018,0,0
Ilha de Man,2019,28,175
Ilha de Man,2020,11,121
Ilha de Man,2021,97,445
Ilha de Man,2022,165,641
Ilha de Man,2023,1428,4533
Ilhas Virgens,2009,0,0
Ilhas Virgens,2010,0,0
Ilhas Virgens,2011,0,0
Ilhas Virgens,2012,0,0
Ilhas Virgens,2013,0,0
Ilhas Virgens,2014,0,0
Ilhas Virgens,2015,0,0
Ilhas Virgens,2016,0,0
Ilhas Virgens,2017,0,0
Ilhas Virgens,2018,0,0
Ilhas Virgens,2019,0,0
Ilhas Virgens,2020,0,0
Ilhas Virgens,2021,0,0
Ilhas Virgens,2022,0,0
Ilhas Virgens,2023,0,0
India,2009,0,0
India,2010,0,0
India,2011,0,0
India,2012,0,0
India,2013,0,0
India,2014,0,0
India,2015,0,0
India,2016,0,0
India,2017,0,0
India,2018,0,0
India,2019,51,273
India,2020,7,10
India,2021,13,86
India,2022,247,1021
India,2023,60,170
Indonésia,2009,0,0
Indonésia,2010,0,0
Indonésia,2011,0,0
Indonésia,2012,0,0
Indonésia,2013,0,0
Indonésia,2014,0,0
Indonésia,2015,0,0
Indonésia,2016,0,0
Indonésia,2017,0,0
Indonésia,2018,0,0
Indonésia,2019,0,0
Indonésia,2020,5,6
Indonésia,2021,0,0
Indonésia,2022,0,0
Indonésia,2023,9,30
Iraque,2009,0,0
Iraque,2010,0,0
Iraque,2011,0,0
Iraque,2012,0,0
Iraque,2013,0,0
Iraque,2014,0,0
Iraque,2015,0,0
Iraque,2016,0,0
Iraque,2017,0,0
Iraque,2018,0,0
Iraque,2019,0,0
Iraque,2020,0,0
Iraque,2021,0,0
Iraque,2022,0,0
Iraque,2023,0,0
Irlanda,2009,0,0
Irlanda,2010,3969,42795
Irlanda,2011,5376,35690
Irlanda,2012,0,0
Irlanda,2013,0,0
Irlanda,2014,0,0
Irlanda,2015,0,0
Irlanda,2016,0,0
Irlanda,2017,0,0
Irlanda,2018,7560,25767
Irlanda,2019,0,0
Irlanda,2020,29,257
Irlanda,2021,36,208
Irlanda,2022,0,0
Irlanda,2023,150,377
Irã,2009,0,0
Irã,2010,0,0
Irã,2011,0,0
Irã,2012,0,0
Irã,2013,0,0
Irã,2014,0,0
Irã,2015,0,0
Irã,2016,0,0
Irã,2017,0,0
Irã,2018,0,0
Irã,2019,0,0
Irã,2020,21,35
Irã,2021,116,287
Irã,2022,47,90
Irã,2023,0,0
Itália,2009,1817,5251
Itália,2010,1458,4828
Itália,2011,11999,80298
Itália,2012,792,5622
Itália,2013,1710,11967
Itália,2014,604,2492
Itália,2015,0,0
Itália,2016,585,3465
Itália,2017,468,2248
Itália,2018,3661,13260
Itália,2019,587,1625
Itália,2020,91,376
Itália,2021,696,3715
Itália,2022,1129,6151
Itália,2023,2922,27665
Jamaica,2009,0,0
Jamaica,2010,0,0
Jamaica,2011,0,0
Jamaica,2012,0,0
Jamaica,2013,0,0
Jamaica,2014,0,0
Jamaica,2015,0,0
Jamaica,2016,0,0
Jamaica,2017,0,0
Jamaica,2018,0,0
Jamaica,2019,0,0
Jamaica,2020,0,0
Jamaica,2021,0,0
Jamaica,2022,0,0
Jamaica,2023,0,0
Japão,2009,217974,283436
Japão,2010,112178,74628
Japão,2011,100835,144662
Japão,2012,29281,116961
Japão,2013,91988,429088
Japão,2014,106426,401774
Japão,2015,31597,87853
Japão,2016,34341,90954
Japão,2017,33909,92886
Japão,2018,36992,112342
Japão,2019,40621,99642
Japão,2020,36442,92674
Japão,2021,39491,90275
Japão,2022,37324,82208
Japão,2023,22942,57780
Jordânia,2009,0,0
Jordânia,2010,0,0
Jordânia,2011,0,0
Jordânia,2012,0,0
Jordânia,2013,0,0
Jordânia,2014,0,0
Jordânia,2015,0,0
Jordânia,2016,0,0
Jordânia,2017,0,0
Jordânia,2018,0,0
Jordânia,2019,0,0
Jordânia,2020,12,52
Jordânia,2021,0,0
Jordânia,2022,0,0
Jordânia,2023,0,0
Letônia,2009,0,0
Letônia,2010,0,0
Letônia,2011,0,0
Letônia,2012,0,0
Letônia,2013,0,0
Letônia,2014,0,0
Letônia,2015,0,0
Letônia,2016,0,0
Letônia,2017,387,3723
Letônia,2018,0,0
Letônia,2019,0,0
Letônia,2020,0,0
Letônia,2021,0,0
Letônia,2022,0,0
Letônia,2023,8,8
Libéria,2009,0,0
Libéria,2010,0,0
Libéria,2011,0,0
Libéria,2012,0,0
Libéria,2013,0,0
Libéria,2014,0,0
Libéria,2015,0,0
Libéria,2016,0,0
Libéria,2017,0,0
Libéria,2018,658,3100
Libéria,2019,4441,20068
Libéria,2020,5155,17624
Libéria,2021,7554,23060
Libéria,2022,9145,34815
Libéria,2023,39784,42463
Luxemburgo,2009,7845,42124
Luxemburgo,2010,7344,32549
Luxemburgo,2011,9547,65592
Luxemburgo,2012,2444,16547
Luxemburgo,2013,5135,29474
Luxemburgo,2014,8281,52400
Luxemburgo,2015,2295,17358
Luxemburgo,2016,2759,21426
Luxemburgo,2017,2719,21947
Luxemburgo,2018,1778,11053
Luxemburgo,2019,1666,11211
Luxemburgo,2020,1086,5110
Luxemburgo,2021,0,0
Luxemburgo,2022,36,802
Luxemburgo,2023,581,7048
Líbano,2009,0,0
Líbano,2010,0,0
Líbano,2011,0,0
Líbano,2012,0,0
Líbano,2013,0,0
Líbano,2014,0,0
Líbano,2015,0,0
Líbano,2016,0,0
Líbano,2017,0,0
Líbano,2018,0,0
Líbano,2019,0,0
Líbano,2020,0,0
Líbano,2021,0,0
Líbano,2022,0,0
Líbano,2023,0,0
Macau,2009,0,0
Macau,2010,0,0
Macau,2011,0,0
Macau,2012,0,0
Macau,2013,0,0
Macau,2014,0,0
Macau,2015,0,0
Macau,2016,0,0
Macau,2017,0,0
Macau,2018,0,0
Macau,2019,0,0
Macau,2020,0,0
Macau,2021,0,0
Macau,2022,0,0
Macau,2023,7,6
Malavi,2009,0,0
Malavi,2010,0,0
Malavi,2011,0,0
Malavi,2012,0,0
Malavi,2013,0,0
Malavi,2014,0,0
Malavi,2015,0,0
Malavi,2016,0,0
Malavi,2017,0,0
Malavi,2018,0,0
Malavi,2019,0,0
Malavi,2020,0,0
Malavi,2021,0,0
Malavi,2022,0,0
Malavi,2023,3660,6252
Malta,2009,0,0
Malta,2010,0,0
Malta,2011,0,0
Malta,2012,0,0
Malta,2013,0,0
Malta,2014,0,0
Malta,2015,0,0
Malta,2016,0,0
Malta,2017,0,0
Malta,2018,503,1192
Malta,2019,3661,8828
Malta,2020,3490,9688
Malta,2021,3441,15454
Malta,2022,3127,15587
Malta,2023,6561,24199
Malásia,2009,0,0
Malásia,2010,0,0
Malásia,2011,0,0
Malásia,2012,0,0
Malásia,2013,0,0
Malásia,2014,0,0
Malásia,2015,0,0
Malásia,2016,0,0
Malásia,2017,0,0
Malásia,2018,15,33
Malásia,2019,48,110
Malásia,2020,0,0
Malásia,2021,0,0
Malásia,2022,0,0
Malásia,2023,0,0
"Marshall, Ilhas",2009,0,0
"Marshall, Ilhas",2010,0,0
"Marshall, Ilhas",2011,0,0
"Marshall, Ilhas",2012,0,0
"Marshall, Ilhas",2013,0,0
"Marshall, Ilhas",2014,0,0
"Marshall, Ilhas",2015,0,0
"Marshall, Ilhas",2016,0,0
"Marshall, Ilhas",2017,0,0
"Marshall, Ilhas",2018,923,2436
"Marshall, Ilhas",2019,7276,15786
"Marshall, Ilhas",2020,6270,19639
"Marshall, Ilhas",2021,8644,22561
"Marshall, Ilhas",2022,7240,27178
"Marshall, Ilhas",2023,7417,31691
Martinica,2009,0,0
Martinica,2010,0,0
Martinica,2011,0,0
Martinica,2012,0,0
Martinica,2013,0,0
Martinica,2014,0,0
Martinica,2015,0,0
Martinica,2016,0,0
Martinica,2017,0,0
Martinica,2018,0,0
Martinica,2019,0,0
Martinica,2020,0,0
Martinica,2021,0,0
Martinica,2022,0,0
Martinica,2023,9,31
Mauritânia,2009,0,0
Mauritânia,2010,0,0
Mauritânia,2011,0,0
Mauritânia,2012,0,0
Mauritânia,2013,0,0
Mauritânia,2014,0,0
Mauritânia,2015,0,0
Mauritânia,2016,0,0
Mauritânia,2017,0,0
Mauritânia,2018,0,0
Mauritânia,2019,0,0
Mauritânia,2020,0,0
Mauritânia,2021,9,85
Mauritânia,2022,0,0
Mauritânia,2023,0,0
Montenegro,2009,0,0
Montenegro,2010,0,0
Montenegro,2011,0,0
Montenegro,2012,0,0
Montenegro,2013,0,0
Montenegro,2014,0,0
Montenegro,2015,0,0
Montenegro,2016,0,0
Montenegro,2017,0,0
Montenegro,2018,0,0
Montenegro,2019,9,46
Montenegro,2020,9,20
Montenegro,2021,14,65
Montenegro,2022,0,0
Montenegro,2023,0,0
Moçambique,2009,0,0
Moçambique,2010,0,0
Moçambique,2011,0,0
Moçambique,2012,0,0
Moçambique,2013,0,0
Moçambique,2014,0,0
Moçambique,2015,0,0
Moçambique,2016,0,0
Moçambique,2017,0,0
Moçambique,2018,0,0
Moçambique,2019,0,0
Moçambique,2020,0,0
Moçambique,2021,0,0
Moçambique,2022,383,1927
Moçambique,2023,0,0
México,2009,0,0
México,2010,0,0
México,2011,1350,7200
México,2012,0,0
México,2013,0,0
México,2014,1521,24336
México,2015,0,0
México,2016,0,0
México,2017,664,2292
México,2018,2748,9744
México,2019,4,4
México,2020,24,226
México,2021,9,2
México,2022,6,33
México,2023,3,19
Namíbia,2009,0,0
Namíbia,2010,0,0
Namíbia,2011,0,0
Namíbia,2012,0,0
Namíbia,2013,0,0
Namíbia,2014,0,0
Namíbia,2015,0,0
Namíbia,2016,0,0
Namíbia,2017,0,0
Namíbia,2018,0,0
Namíbia,2019,0,0
Namíbia,2020,0,0
Namíbia,2021,0,0
Namíbia,2022,0,0
Namíbia,2023,0,0
Nicarágua,2009,24,24
Nicarágua,2010,0,0
Nicarágua,2011,0,0
Nicarágua,2012,0,0
Nicarágua,2013,0,0
Nicarágua,2014,0,0
Nicarágua,2015,0,0
Nicarágua,2016,0,0
Nicarágua,2017,0,0
Nicarágua,2018,0,0
Nicarágua,2019,0,0
Nicarágua,2020,0,0
Nicarágua,2021,0,0
Nicarágua,2022,0,0
Nicarágua,2023,0,0
Nigéria,2009,41,115
Nigéria,2010,0,0
Nigéria,2011,54,210
Nigéria,2012,6449,10196
Nigéria,2013,1350,2245
Nigéria,2014,0,0
Nigéria,2015,0,0
Nigéria,2016,0,0
Nigéria,2017,0,0
Nigéria,2018,5175,6250
Nigéria,2019,28437,38555
Nigéria,2020,12094,26514
Nigéria,2021,68247,113172
Nigéria,2022,32234,50283
Nigéria,2023,10800,16464
Noruega,2009,0,0
Noruega,2010,0,0
Noruega,2011,10268,78688
Noruega,2012,5104,31515
Noruega,2013,2375,19008
Noruega,2014,7179,50464
Noruega,2015,1058,6021
Noruega,2016,0,0
Noruega,2017,0,0
Noruega,2018,1295,9847
Noruega,2019,628,3139
Noruega,2020,1859,15134
Noruega,2021,1878,8320
Noruega,2022,2711,40316
Noruega,2023,861,4243
Nova Caledônia,2009,0,0
Nova Caledônia,2010,0,0
Nova Caledônia,2011,0,0
Nova Caledônia,2012,0,0
Nova Caledônia,2013,0,0
Nova Caledônia,2014,0,0
Nova Caledônia,2015,0,0
Nova Caledônia,2016,0,0
Nova Caledônia,2017,0,0
Nova Caledônia,2018,0,0
Nova Caledônia,2019,0,0
Nova Caledônia,2020,0,0
Nova Caledônia,2021,7227,11924
Nova Caledônia,2022,0,0
Nova Caledônia,2023,0,0
Nova Zelândia,2009,0,0
Nova Zelândia,2010,0,0
Nova Zelândia,2011,2587,7992
Nova Zelândia,2012,2364,8817
Nova Zelândia,2013,1004,4092
Nova Zelândia,2014,2800,13675
Nova Zelândia,2015,809,3476
Nova Zelândia,2016,504,9472
Nova Zelândia,2017,1678,8140
Nova Zelândia,2018,969,5565
Nova Zelândia,2019,500,2832
Nova Zelândia,2020,95,515
Nova Zelândia,2021,657,10477
Nova Zelândia,2022,63,156
Nova Zelândia,2023,338,7177
Omã,2009,0,0
Omã,2010,0,0
Omã,2011,0,0
Omã,2012,0,0
Omã,2013,0,0
Omã,2014,0,0
Omã,2015,0,0
Omã,2016,0,0
Omã,2017,0,0
Omã,2018,0,0
Omã,2019,0,0
Omã,2020,0,0
Omã,2021,0,0
Omã,2022,194,670
Omã,2023,0,0
Palau,2009,0,0
Palau,2010,0,0
Palau,2011,0,0
Palau,2012,0,0
Palau,2013,0,0
Palau,2014,0,0
Palau,2015,0,0
Palau,2016,0,0
Palau,2017,0,0
Palau,2018,0,0
Palau,2019,0,0
Palau,2020,0,0
Palau,2021,0,0
Palau,2022,0,0
Palau,2023,45,143
Panamá,2009,24,30
Panamá,2010,0,0
Panamá,2011,0,0
Panamá,2012,39,2262
Panamá,2013,0,0
Panamá,2014,0,0
Panamá,2015,0,0
Panamá,2016,0,0
Panamá,2017,0,0
Panamá,2018,1183,3117
Panamá,2019,7918,29017
Panamá,2020,10821,28372
Panamá,2021,29520,48444
Panamá,2022,11490,49392
Panamá,2023,14785,68173
Paraguai,2009,486927,392087
Paraguai,2010,510989,449197
Paraguai,2011,240168,276281
Paraguai,2012,354824,428279
Paraguai,2013,481564,680828
Paraguai,2014,521847,908028
Paraguai,2015,495428,741370
Paraguai,2016,985739,1655417
Paraguai,2017,2393468,4274650
Paraguai,2018,3234168,5494321
Paraguai,2019,2419537,3826587
Paraguai,2020,3299013,3869243
Paraguai,2021,6522527,7192362
Paraguai,2022,5076670,7156293
Paraguai,2023,3780378,5517263
Países Baixos,2009,171654,136991
Países Baixos,2010,87368,302182
Países Baixos,2011,125414,395356
Países Baixos,2012,134879,539641
Países Baixos,2013,57792,255690
Países Baixos,2014,165289,773767
Países Baixos,2015,44987,186464
Países Baixos,2016,42953,190203
Países Baixos,2017,0,0
Países Baixos,2018,9451,32395
Países Baixos,2019,44882,148031
Países Baixos,2020,248,1532
Países Baixos,2021,3791,8484
Países Baixos,2022,7034,37240
Países Baixos,2023,2244,4958
Peru,2009,0,0
Peru,2010,0,0
Peru,2011,0,0
Peru,2012,0,0
Peru,2013,0,0
Peru,2014,0,0
Peru,2015,0,0
Peru,2016,0,0
Peru,2017,0,0
Peru,2018,5193,19372
Peru,2019,9755,17310
Peru,2020,0,0
Peru,2021,9720,17107
Peru,2022,0,0
Peru,2023,47277,84282
Pitcairn,2009,0,0
Pitcairn,2010,0,0
Pitcairn,2011,0,0
Pitcairn,2012,0,0
Pitcairn,2013,0,0
Pitcairn,2014,0,0
Pitcairn,2015,0,0
Pitcairn,2016,0,0
Pitcairn,2017,0,0
Pitcairn,2018,0,0
Pitcairn,2019,0,0
Pitcairn,2020,0,0
Pitcairn,2021,0,0
Pitcairn,2022,0,0
Pitcairn,2023,11,22
Polônia,2009,6982,35797
Polônia,2010,20464,95198
Polônia,2011,11732,50684
Polônia,2012,21663,89158
Polônia,2013,19249,90960
Polônia,2014,30181,107957
Polônia,2015,11654,42781
Polônia,2016,11457,35402
Polônia,2017,0,0
Polônia,2018,720,4679
Polônia,2019,5,11
Polônia,2020,74,86
Polônia,2021,4,14
Polônia,2022,0,0
Polônia,2023,298,590
Porto Rico,2009,0,0
Porto Rico,2010,0,0
Porto Rico,2011,0,0
Porto Rico,2012,0,0
Porto Rico,2013,0,0
Porto Rico,2014,0,0
Porto Rico,2015,0,0
Porto Rico,2016,0,0
Porto Rico,2017,0,0
Porto Rico,2018,0,0
Porto Rico,2019,0,0
Porto Rico,2020,0,0
Porto Rico,2021,0,0
Porto Rico,2022,0,0
Porto Rico,2023,0,0
Portugal,2009,141000,168923
Portugal,2010,4577,18970
Portugal,2011,95,1031
Portugal,2012,47172,47022
Portugal,2013,23810,17627
Portugal,2014,71544,79141
Portugal,2015,47736,42586
Portugal,2016,0,0
Portugal,2017,0,0
Portugal,2018,0,0
Portugal,2019,18328,72413
Portugal,2020,7958,34518
Portugal,2021,6358,42633
Portugal,2022,1918,7613
Portugal,2023,13742,46311
Quênia,2009,0,0
Quênia,2010,0,0
Quênia,2011,0,0
Quênia,2012,94,458
Quênia,2013,6,4
Quênia,2014,0,0
Quênia,2015,0,0
Quênia,2016,0,0
Quênia,2017,0,0
Quênia,2018,6771,31225
Quênia,2019,0,0
Quênia,2020,0,0
Quênia,2021,0,0
Quênia,2022,1440,2080
Quênia,2023,0,0
Reino Unido,2009,30092,68788
Reino Unido,2010,123624,295690
Reino Unido,2011,122629,285642
Reino Unido,2012,82937,334856
Reino Unido,2013,59161,305005
Reino Unido,2014,305807,1373747
Reino Unido,2015,68382,308407
Reino Unido,2016,117044,536681
Reino Unido,2017,60711,242883
Reino Unido,2018,67708,296827
Reino Unido,2019,34295,164592
Reino Unido,2020,22913,82722
Reino Unido,2021,25316,122394
Reino Unido,2022,18835,138154
Reino Unido,2023,11326,84547
República Dominicana,2009,0,0
República Dominicana,2010,0,0
República Dominicana,2011,0,0
República Dominicana,2012,0,0
República Dominicana,2013,0,0
República Dominicana,2014,0,0
República Dominicana,2015,0,0
República Dominicana,2016,0,0
República Dominicana,2017,0,0
República Dominicana,2018,0,0
República Dominicana,2019,0,0
República Dominicana,2020,0,0
República Dominicana,2021,0,0
República Dominicana,2022,0,0
República Dominicana,2023,0,0
Rússia,2009,21912914,5732280
Rússia,2010,0,0
Rússia,2011,0,0
Rússia,2012,4528176,2103968
Rússia,2013,5893291,14795694
Rússia,2014,190656,61440
Rússia,2015,47664,18240
Rússia,2016,0,0
Rússia,2017,0,0
Rússia,2018,0,0
Rússia,2019,0,0
Rússia,2020,1463,8550
Rússia,2021,181931,312926
Rússia,2022,66046,118618
Rússia,2023,0,0
Senegal,2009,0,0
Senegal,2010,0,0
Senegal,2011,0,0
Senegal,2012,0,0
Senegal,2013,0,0
Senegal,2014,0,0
Senegal,2015,0,0
Senegal,2016,0,0
Senegal,2017,0,0
Senegal,2018,0,0
Senegal,2019,0,0
Senegal,2020,0,0
Senegal,2021,0,0
Senegal,2022,0,0
Senegal,2023,0,0
Serra Leoa,2009,0,0
Serra Leoa,2010,0,0
Serra Leoa,2011,0,0
Serra Leoa,2012,0,0
Serra Leoa,2013,0,0
Serra Leoa,2014,0,0
Serra Leoa,2015,0,0
Serra Leoa,2016,0,0
Serra Leoa,2017,0,0
Serra Leoa,2018,0,0
Serra Leoa,2019,18,717
Serra Leoa,2020,9240,13050
Serra Leoa,2021,6525,12955
Serra Leoa,2022,8101,15182
Serra Leoa,2023,23200,38548
Singapura,2009,0,0
Singapura,2010,0,0
Singapura,2011,0,0
Singapura,2012,0,0
Singapura,2013,0,0
Singapura,2014,0,0
Singapura,2015,0,0
Singapura,2016,0,0
Singapura,2017,0,0
Singapura,2018,0,0
Singapura,2019,0,0
Singapura,2020,0,0
Singapura,2021,4504,14346
Singapura,2022,4322,15434
Singapura,2023,3941,19781
Suazilândia,2009,0,0
Suazilândia,2010,0,0
Suazilândia,2011,0,0
Suazilândia,2012,0,0
Suazilândia,2013,0,0
Suazilândia,2014,0,0
Suazilândia,2015,0,0
Suazilândia,2016,0,0
Suazilândia,2017,0,0
Suazilândia,2018,0,0
Suazilândia,2019,0,0
Suazilândia,2020,0,0
Suazilândia,2021,10,24
Suazilândia,2022,0,0
Suazilândia,2023,0,0
Suriname,2009,3830,12918
Suriname,2010,1836,1269
Suriname,2011,3774,3735
Suriname,2012,396,1288
Suriname,2013,1800,2960
Suriname,2014,6,19
Suriname,2015,453,713
Suriname,2016,900,1375
Suriname,2017,3690,5638
Suriname,2018,0,0
Suriname,2019,3206,4741
Suriname,2020,4185,5277
Suriname,2021,900,1472
Suriname,2022,1225,3360
Suriname,2023,3105,5235
Suécia,2009,28334,52826
Suécia,2010,0,0
Suécia,2011,1641,14476
Suécia,2012,2705,17280
Suécia,2013,3195,20183
Suécia,2014,10404,51057
Suécia,2015,1412,6404
Suécia,2016,291,1214
Suécia,2017,15445,64953
Suécia,2018,8062,34563
Suécia,2019,28,761
Suécia,2020,6,24
Suécia,2021,23,74
Suécia,2022,5,18
Suécia,2023,0,0
Suíça,2009,27653,81319
Suíça,2010,2025,21600
Suíça,2011,0,0
Suíça,2012,4014,47240
Suíça,2013,2997,29785
Suíça,2014,27933,231762
Suíça,2015,15872,85790
Suíça,2016,4230,33340
Suíça,2017,6525,74816
Suíça,2018,0,0
Suíça,2019,2223,28503
Suíça,2020,2827,27930
Suíça,2021,627,6999
Suíça,2022,1584,20863
Suíça,2023,2500,28763
São Cristóvão e Névis,2009,0,0
São Cristóvão e Névis,2010,0,0
São Cristóvão e Névis,2011,0,0
São Cristóvão e Névis,2012,0,0
São Cristóvão e Névis,2013,0,0
São Cristóvão e Névis,2014,0,0
São Cristóvão e Névis,2015,0,0
São Cristóvão e Névis,2016,0,0
São Cristóvão e Névis,2017,0,0
São Cristóvão e Névis,2018,0,0
São Cristóvão e Névis,2019,0,0
São Cristóvão e Névis,2020,0,0
São Cristóvão e Névis,2021,0,0
São Cristóvão e Névis,2022,0,0
São Cristóvão e Névis,2023,16,31
São Tomé e Príncipe,2009,0,0
São Tomé e Príncipe,2010,0,0
São Tomé e Príncipe,2011,0,0
São Tomé e Príncipe,2012,0,0
São Tomé e Príncipe,2013,0,0
São Tomé e Príncipe,2014,0,0
São Tomé e Príncipe,2015,0,0
São Tomé e Príncipe,2016,0,0
São Tomé e Príncipe,2017,0,0
São Tomé e Príncipe,2018,2184,2357
São Tomé e Príncipe,2019,0,0
São Tomé e Príncipe,2020,0,0
São Tomé e Príncipe,2021,0,0
São Tomé e Príncipe,2022,0,0
São Tomé e Príncipe,2023,0,0
São Vicente e Granadinas,2009,0,0
São Vicente e Granadinas,2010,0,0
São Vicente e Granadinas,2011,0,0
São Vicente e Granadinas,2012,0,0
São Vicente e Granadinas,2013,0,0
São Vicente e Granadinas,2014,0,0
São Vicente e Granadinas,2015,0,0
São Vicente e Granadinas,2016,0,0
São Vicente e Granadinas,2017,0,0
São Vicente e Granadinas,2018,0,0
São Vicente e Granadinas,2019,0,0
São Vicente e Granadinas,2020,0,0
São Vicente e Granadinas,2021,8,48
São Vicente e Granadinas,2022,20,51
São Vicente e Granadinas,2023,39,139
Tailândia,2009,0,0
Tailândia,2010,0,0
Tailândia,2011,0,0
Tailândia,2012,0,0
Tailândia,2013,0,0
Tailândia,2014,0,0
Tailândia,2015,0,0
Tailândia,2016,0,0
Tailândia,2017,0,0
Tailândia,2018,8,45
Tailândia,2019,128,832
Tailândia,2020,534,1753
Tailândia,2021,1334,2529
Tailândia,2022,432,1713
Tailândia,2023,189,1387
Taiwan (Formosa),2009,0,0
Taiwan (Formosa),2010,0,0
Taiwan (Formosa),2011,4500,10600
Taiwan (Formosa),2012,0,0
Taiwan (Formosa),2013,0,0
Taiwan (Formosa),2014,12519,67907
Taiwan (Formosa),2015,7200,23940
Taiwan (Formosa),2016,16967,80379
Taiwan (Formosa),2017,14988,43954
Taiwan (Formosa),2018,7589,18421
Taiwan (Formosa),2019,12,67
Taiwan (Formosa),2020,963,4673
Taiwan (Formosa),2021,1313,8153
Taiwan (Formosa),2022,25,277
Taiwan (Formosa),2023,4208,19998
Tanzânia,2009,0,0
Tanzânia,2010,0,0
Tanzânia,2011,0,0
Tanzânia,2012,0,0
Tanzânia,2013,0,0
Tanzânia,2014,0,0
Tanzânia,2015,0,0
Tanzânia,2016,0,0
Tanzânia,2017,0,0
Tanzânia,2018,0,0
Tanzânia,2019,0,0
Tanzânia,2020,0,0
Tanzânia,2021,0,0
Tanzânia,2022,0,0
Tanzânia,2023,0,0
"Tcheca, República",2009,9269,43902
"Tcheca, República",2010,1091,5285
"Tcheca, República",2011,6846,37271
"Tcheca, República",2012,7960,27789
"Tcheca, República",2013,3697,23549
"Tcheca, República",2014,4500,35005
"Tcheca, República",2015,2297,15304
"Tcheca, República",2016,3837,28473
"Tcheca, República",2017,2746,16947
"Tcheca, República",2018,2712,20980
"Tcheca, República",2019,2115,16391
"Tcheca, República",2020,563,4805
"Tcheca, República",2021,456,5988
"Tcheca, República",2022,1305,9997
"Tcheca, República",2023,405,3348
Togo,2009,0,0
Togo,2010,0,0
Togo,2011,0,0
Togo,2012,0,0
Togo,2013,0,0
Togo,2014,0,0
Togo,2015,0,0
Togo,2016,0,0
Togo,2017,0,0
Togo,2018,0,0
Togo,2019,0,0
Togo,2020,0,0
Togo,2021,1890,2012
Togo,2022,17317,25608
Togo,2023,14550,25235
Toquelau,2009,0,0
Toquelau,2010,0,0
Toquelau,2011,0,0
Toquelau,2012,0,0
Toquelau,2013,0,0
Toquelau,2014,0,0
Toquelau,2015,0,0
Toquelau,2016,0,0
Toquelau,2017,0,0
Toquelau,2018,0,0
Toquelau,2019,0,0
Toquelau,2020,0,0
Toquelau,2021,0,0
Toquelau,2022,0,0
Toquelau,2023,3,10
Trinidade Tobago,2009,0,0
Trinidade Tobago,2010,0,0
Trinidade Tobago,2011,0,0
Trinidade Tobago,2012,531,2720
Trinidade Tobago,2013,0,0
Trinidade Tobago,2014,360,1600
Trinidade Tobago,2015,0,0
Trinidade Tobago,2016,0,0
Trinidade Tobago,2017,0,0
Trinidade Tobago,2018,0,0
Trinidade Tobago,2019,0,0
Trinidade Tobago,2020,0,0
Trinidade Tobago,2021,0,0
Trinidade Tobago,2022,0,0
Trinidade Tobago,2023,0,0
Tunísia,2009,0,0
Tunísia,2010,0,0
Tunísia,2011,0,0
Tunísia,2012,0,0
Tunísia,2013,0,0
Tunísia,2014,0,0
Tunísia,2015,0,0
Tunísia,2016,0,0
Tunísia,2017,0,0
Tunísia,2018,0,0
Tunísia,2019,0,0
Tunísia,2020,0,0
Tunísia,2021,0,0
Tunísia,2022,0,0
Tunísia,2023,0,0
Turquia,2009,0,0
Turquia,2010,0,0
Turquia,2011,0,0
Turquia,2012,0,0
Turquia,2013,0,0
Turquia,2014,0,0
Turquia,2015,0,0
Turquia,2016,0,0
Turquia,2017,0,0
Turquia,2018,360,150
Turquia,2019,115,209
Turquia,2020,0,0
Turquia,2021,343,878
Turquia,2022,418,503
Turquia,2023,28104,95421
Tuvalu,2009,0,0
Tuvalu,2010,0,0
Tuvalu,2011,0,0
Tuvalu,2012,0,0
Tuvalu,2013,0,0
Tuvalu,2014,0,0
Tuvalu,2015,0,0
Tuvalu,2016,0,0
Tuvalu,2017,0,0
Tuvalu,2018,0,0
Tuvalu,2019,0,0
Tuvalu,2020,2,4
Tuvalu,2021,0,0
Tuvalu,2022,0,0
Tuvalu,2023,0,0
Uruguai,2009,0,0
Uruguai,2010,914,2929
Uruguai,2011,1238,4404
Uruguai,2012,1135,3879
Uruguai,2013,1526,13343
Uruguai,2014,0,0
Uruguai,2015,0,0
Uruguai,2016,0,0
Uruguai,2017,0,0
Uruguai,2018,7711,29617
Uruguai,2019,6180,18497
Uruguai,2020,0,0
Uruguai,2021,136774,149842
Uruguai,2022,637117,997367
Uruguai,2023,326093,454271
Vanuatu,2009,0,0
Vanuatu,2010,0,0
Vanuatu,2011,0,0
Vanuatu,2012,0,0
Vanuatu,2013,0,0
Vanuatu,2014,0,0
Vanuatu,2015,0,0
Vanuatu,2016,0,0
Vanuatu,2017,0,0
Vanuatu,2018,0,0
Vanuatu,2019,0,0
Vanuatu,2020,18,31
Vanuatu,2021,0,0
Vanuatu,2022,0,0
Vanuatu,2023,0,0
Venezuela,2009,0,0
Venezuela,2010,0,0
Venezuela,2011,0,0
Venezuela,2012,1029,7492
Venezuela,2013,0,0
Venezuela,2014,14,232
Venezuela,2015,0,0
Venezuela,2016,0,0
Venezuela,2017,680,2646
Venezuela,2018,71,355
Venezuela,2019,0,0
Venezuela,2020,4086,9808
Venezuela,2021,26415,35944
Venezuela,2022,23220,32351
Venezuela,2023,141030,220512
Vietnã,2009,743,2143
Vietnã,2010,8820,9977
Vietnã,2011,0,0
Vietnã,2012,0,0
Vietnã,2013,0,0
Vietnã,2014,0,0
Vietnã,2015,0,0
Vietnã,2016,0,0
Vietnã,2017,0,0
Vietnã,2018,0,0
Vietnã,2019,20,32
Vietnã,2020,86,584
Vietnã,2021,0,0
Vietnã,2022,130,277
Vietnã,2023,72,128
África do Sul,2009,0,0
África do Sul,2010,0,0
África do Sul,2011,0,0
África do Sul,2012,0,0
África do Sul,2013,0,0
África do Sul,2014,0,0
África do Sul,2015,0,0
África do Sul,2016,0,0
África do Sul,2017,0,0
África do Sul,2018,0,0
África do Sul,2019,26,95
África do Sul,2020,4,21
África do Sul,2021,0,0
África do Sul,2022,0,0
África do Sul,2023,117,698
Áustria,2009,0,0
Áustria,2010,0,0
Áustria,2011,0,0
Áustria,2012,0,0
Áustria,2013,0,0
Áustria,2014,0,0
Áustria,2015,0,0
Áustria,2016,675,5220
Áustria,2017,0,0
Áustria,2018,0,0
Áustria,2019,0,0
Áustria,2020,0,0
Áustria,2021,0,0
Áustria,2022,6,212
Áustria,2023,0,0
